{"name":"fd2319cf-9d48-4e12-b970-58582ecad677","id":"/providers/Microsoft.Flow/flows/fd2319cf-9d48-4e12-b970-58582ecad677","type":"Microsoft.Flow/flows","properties":{"apiId":"/providers/Microsoft.PowerApps/apis/shared_logicflows","displayName":"Create SharePoint Infrastructure","definition":{"metadata":{"workflowEntityId":null,"flowclientsuspensionreason":"None","flowclientsuspensiontime":null,"creator":{"id":"cfe1302c-c877-4f15-a703-bdfb2cd566eb","type":"User","tenantId":"6530c72a-db2f-4970-8d20-4b62e7fa7312"},"provisioningMethod":"FromDefinition","failureAlertSubscription":true,"clientLastModifiedTime":"2021-04-13T12:54:44.6127724Z"},"$schema":"https://schema.management.azure.com/providers/Microsoft.Logic/schemas/2016-06-01/workflowdefinition.json#","contentVersion":"1.0.0.0","parameters":{"$connections":{"defaultValue":{},"type":"Object"},"$authentication":{"defaultValue":{},"type":"SecureObject"}},"staticResults":{"Send_an_HTTP_request_to_SharePoint0":{"status":"Succeeded","outputs":{"statusCode":"OK","headers":{}}}},"triggers":{"manual":{"type":"Request","kind":"Button","inputs":{"schema":{"type":"object","properties":{},"required":[]}}}},"actions":{"Scope":{"actions":{"Parse_Infrastructure_Definition":{"runAfter":{},"type":"ParseJson","inputs":{"content":{"WebURL":"https://m365x306630.sharepoint.com/sites/LOLA","Lists":[{"Title":"LOLA-Sets-Scripted7","Type":"101","Fields":[{"Title":"Description","Type":3},{"Title":"CurrentPhase","Type":9},{"Title":"Active","Type":8}]},{"Title":"LOLA-Lib2","Type":"101","Fields":[]}]},"schema":{"type":"object","properties":{"Lists":{"type":"array","items":{"type":"object","properties":{"Title":{"type":"string"},"Fields":{"type":"array","items":{"type":"object","properties":{"Title":{"type":"string"},"Type":{"type":"integer"}},"required":["Title","Type"]}},"Type":{"type":"string"}},"required":["Title","Type","Fields"]}},"WebURL":{"type":"string"}}}}},"Lists":{"runAfter":{"Parse_Infrastructure_Definition":["Succeeded"]},"type":"Compose","inputs":"@body('Parse_Infrastructure_Definition')?['Lists']"},"Apply_to_each":{"foreach":"@outputs('Lists')","actions":{"Parse_JSON":{"runAfter":{"Scope_Create_List":["Succeeded"]},"type":"ParseJson","inputs":{"content":"@outputs('Create_List')?['body']","schema":{"type":"object","properties":{"d":{"type":"object","properties":{"__metadata":{"type":"object","properties":{"id":{"type":"string"},"uri":{"type":"string"},"etag":{"type":"string"},"type":{"type":"string"}}},"FirstUniqueAncestorSecurableObject":{"type":"object","properties":{"__deferred":{"type":"object","properties":{"uri":{"type":"string"}}}}},"RoleAssignments":{"type":"object","properties":{"__deferred":{"type":"object","properties":{"uri":{"type":"string"}}}}},"Author":{"type":"object","properties":{"__deferred":{"type":"object","properties":{"uri":{"type":"string"}}}}},"ContentTypes":{"type":"object","properties":{"__deferred":{"type":"object","properties":{"uri":{"type":"string"}}}}},"CreatablesInfo":{"type":"object","properties":{"__deferred":{"type":"object","properties":{"uri":{"type":"string"}}}}},"DefaultView":{"type":"object","properties":{"__deferred":{"type":"object","properties":{"uri":{"type":"string"}}}}},"DescriptionResource":{"type":"object","properties":{"__deferred":{"type":"object","properties":{"uri":{"type":"string"}}}}},"EventReceivers":{"type":"object","properties":{"__deferred":{"type":"object","properties":{"uri":{"type":"string"}}}}},"Fields":{"type":"object","properties":{"__deferred":{"type":"object","properties":{"uri":{"type":"string"}}}}},"Forms":{"type":"object","properties":{"__deferred":{"type":"object","properties":{"uri":{"type":"string"}}}}},"InformationRightsManagementSettings":{"type":"object","properties":{"__deferred":{"type":"object","properties":{"uri":{"type":"string"}}}}},"Items":{"type":"object","properties":{"__deferred":{"type":"object","properties":{"uri":{"type":"string"}}}}},"ParentWeb":{"type":"object","properties":{"__deferred":{"type":"object","properties":{"uri":{"type":"string"}}}}},"RootFolder":{"type":"object","properties":{"__deferred":{"type":"object","properties":{"uri":{"type":"string"}}}}},"Subscriptions":{"type":"object","properties":{"__deferred":{"type":"object","properties":{"uri":{"type":"string"}}}}},"TitleResource":{"type":"object","properties":{"__deferred":{"type":"object","properties":{"uri":{"type":"string"}}}}},"UserCustomActions":{"type":"object","properties":{"__deferred":{"type":"object","properties":{"uri":{"type":"string"}}}}},"Views":{"type":"object","properties":{"__deferred":{"type":"object","properties":{"uri":{"type":"string"}}}}},"WorkflowAssociations":{"type":"object","properties":{"__deferred":{"type":"object","properties":{"uri":{"type":"string"}}}}},"AllowContentTypes":{"type":"boolean"},"BaseTemplate":{"type":"integer"},"BaseType":{"type":"integer"},"ContentTypesEnabled":{"type":"boolean"},"CrawlNonDefaultViews":{"type":"boolean"},"Created":{"type":"string"},"CurrentChangeToken":{"type":"object","properties":{"__metadata":{"type":"object","properties":{"type":{"type":"string"}}},"StringValue":{"type":"string"}}},"DefaultContentApprovalWorkflowId":{"type":"string"},"DefaultItemOpenUseListSetting":{"type":"boolean"},"Description":{"type":"string"},"Direction":{"type":"string"},"DisableCommenting":{"type":"boolean"},"DisableGridEditing":{"type":"boolean"},"DocumentTemplateUrl":{},"DraftVersionVisibility":{"type":"integer"},"EnableAttachments":{"type":"boolean"},"EnableFolderCreation":{"type":"boolean"},"EnableMinorVersions":{"type":"boolean"},"EnableModeration":{"type":"boolean"},"EnableRequestSignOff":{"type":"boolean"},"EnableVersioning":{"type":"boolean"},"EntityTypeName":{"type":"string"},"ExemptFromBlockDownloadOfNonViewableFiles":{"type":"boolean"},"FileSavePostProcessingEnabled":{"type":"boolean"},"ForceCheckout":{"type":"boolean"},"HasExternalDataSource":{"type":"boolean"},"Hidden":{"type":"boolean"},"Id":{"type":"string"},"ImagePath":{"type":"object","properties":{"__metadata":{"type":"object","properties":{"type":{"type":"string"}}},"DecodedUrl":{"type":"string"}}},"ImageUrl":{"type":"string"},"IrmEnabled":{"type":"boolean"},"IrmExpire":{"type":"boolean"},"IrmReject":{"type":"boolean"},"IsApplicationList":{"type":"boolean"},"IsCatalog":{"type":"boolean"},"IsPrivate":{"type":"boolean"},"ItemCount":{"type":"integer"},"LastItemDeletedDate":{"type":"string"},"LastItemModifiedDate":{"type":"string"},"LastItemUserModifiedDate":{"type":"string"},"ListExperienceOptions":{"type":"integer"},"ListItemEntityTypeFullName":{"type":"string"},"MajorVersionLimit":{"type":"integer"},"MajorWithMinorVersionsLimit":{"type":"integer"},"MultipleDataList":{"type":"boolean"},"NoCrawl":{"type":"boolean"},"ParentWebPath":{"type":"object","properties":{"__metadata":{"type":"object","properties":{"type":{"type":"string"}}},"DecodedUrl":{"type":"string"}}},"ParentWebUrl":{"type":"string"},"ParserDisabled":{"type":"boolean"},"ServerTemplateCanCreateFolders":{"type":"boolean"},"TemplateFeatureId":{"type":"string"},"Title":{"type":"string"}}}}}}},"ListURL":{"runAfter":{"Parse_JSON":["Succeeded"]},"type":"Compose","inputs":"@split(body('Parse_JSON')?['d']?['__metadata']?['id'],'_api')[1]"},"Fields":{"runAfter":{"ListURL":["Succeeded"]},"type":"Compose","inputs":"@items('Apply_to_each')?['Fields']"},"Apply_to_each_2":{"foreach":"@outputs('Fields')","actions":{"Scope_Create_Field":{"actions":{"Switch_on_FieldType":{"runAfter":{"Parse_Field":["Succeeded"]},"cases":{"Multiline_Text":{"case":3,"actions":{"Create_Multiline_Text_Field":{"runAfter":{},"type":"OpenApiConnection","inputs":{"host":{"apiId":"/providers/Microsoft.PowerApps/apis/shared_sharepointonline","connectionName":"shared_sharepointonline","operationId":"HttpRequest"},"parameters":{"dataset":"@body('Parse_Infrastructure_Definition')?['WebURL']","parameters/method":"POST","parameters/uri":"_api/@{outputs('ListURL')}/fields","parameters/headers":{"content-type":"application/json;odata=verbose"},"parameters/body":"{'__metadata':{'type':'SP.Field'},'Title':'@{body('Parse_Field')?['Title']}','FieldTypeKind':3}"},"authentication":{"value":"@json(decodeBase64(triggerOutputs().headers['X-MS-APIM-Tokens']))['$ConnectionKey']","type":"Raw"}}}}},"Number":{"case":9,"actions":{"Create_Number_Field":{"runAfter":{},"type":"OpenApiConnection","inputs":{"host":{"apiId":"/providers/Microsoft.PowerApps/apis/shared_sharepointonline","connectionName":"shared_sharepointonline","operationId":"HttpRequest"},"parameters":{"dataset":"@body('Parse_Infrastructure_Definition')?['WebURL']","parameters/method":"POST","parameters/uri":"_api/@{outputs('ListURL')}/fields","parameters/headers":{"content-type":"application/json;odata=verbose","accept":"application/json;odata=verbose"},"parameters/body":"{'__metadata':{'type':'SP.Field'},'Title':'@{body('Parse_Field')?['Title']}','FieldTypeKind':9}"},"authentication":{"value":"@json(decodeBase64(triggerOutputs().headers['X-MS-APIM-Tokens']))['$ConnectionKey']","type":"Raw"}}}}},"Boolean":{"case":8,"actions":{"Create_Boolean_Field":{"runAfter":{},"type":"OpenApiConnection","inputs":{"host":{"apiId":"/providers/Microsoft.PowerApps/apis/shared_sharepointonline","connectionName":"shared_sharepointonline","operationId":"HttpRequest"},"parameters":{"dataset":"@body('Parse_Infrastructure_Definition')?['WebURL']","parameters/method":"POST","parameters/uri":"_api/@{outputs('ListURL')}/fields","parameters/headers":{"content-type":"application/json;odata=verbose"},"parameters/body":"{'__metadata':{'type':'SP.Field'},'Title':'@{body('Parse_Field')?['Title']}','FieldTypeKind':8}"},"authentication":{"value":"@json(decodeBase64(triggerOutputs().headers['X-MS-APIM-Tokens']))['$ConnectionKey']","type":"Raw"}}}}},"Integer":{"case":1,"actions":{"Create_Integer_Field":{"runAfter":{},"type":"OpenApiConnection","inputs":{"host":{"apiId":"/providers/Microsoft.PowerApps/apis/shared_sharepointonline","connectionName":"shared_sharepointonline","operationId":"HttpRequest"},"parameters":{"dataset":"@body('Parse_Infrastructure_Definition')?['WebURL']","parameters/method":"POST","parameters/uri":"_api/@{outputs('ListURL')}/fields","parameters/headers":{"content-type":"application/json;odata=verbose"},"parameters/body":"{'__metadata':{'type':'SP.Field'},'Title':'@{body('Parse_Field')?['Title']}','FieldTypeKind':1}"},"authentication":{"value":"@json(decodeBase64(triggerOutputs().headers['X-MS-APIM-Tokens']))['$ConnectionKey']","type":"Raw"}}}}},"Text":{"case":2,"actions":{"Create_Text_Field":{"runAfter":{},"type":"OpenApiConnection","inputs":{"host":{"apiId":"/providers/Microsoft.PowerApps/apis/shared_sharepointonline","connectionName":"shared_sharepointonline","operationId":"HttpRequest"},"parameters":{"dataset":"@body('Parse_Infrastructure_Definition')?['WebURL']","parameters/method":"POST","parameters/uri":"_api/@{outputs('ListURL')}/fields","parameters/headers":{"content-type":"application/json;odata=verbose"},"parameters/body":"{'__metadata':{'type':'SP.Field'},'Title':'@{body('Parse_Field')?['Title']}','FieldTypeKind':2}"},"authentication":{"value":"@json(decodeBase64(triggerOutputs().headers['X-MS-APIM-Tokens']))['$ConnectionKey']","type":"Raw"}}}}},"DateTime":{"case":4,"actions":{"Send_an_HTTP_request_to_SharePoint":{"runAfter":{},"type":"OpenApiConnection","inputs":{"host":{"apiId":"/providers/Microsoft.PowerApps/apis/shared_sharepointonline","connectionName":"shared_sharepointonline","operationId":"HttpRequest"},"parameters":{"dataset":"@body('Parse_Infrastructure_Definition')?['WebURL']","parameters/method":"POST","parameters/uri":"_api/@{outputs('ListURL')}/fields","parameters/headers":{"_api/@{outputs('ListURL')}/fields":"application/json;odata=verbose"},"parameters/body":"{'__metadata':{'type':'SP.Field'},'Title':'@{body('Parse_Field')?['Title']}','FieldTypeKind':4}"},"authentication":{"value":"@json(decodeBase64(triggerOutputs().headers['X-MS-APIM-Tokens']))['$ConnectionKey']","type":"Raw"}}}}}},"default":{"actions":{}},"expression":"@body('Parse_Field')?['Type']","type":"Switch"},"Parse_Field":{"runAfter":{},"type":"ParseJson","inputs":{"content":"@items('Apply_to_each_2')","schema":{"type":"object","properties":{"Title":{"type":"string"},"Type":{"type":"integer"}}}}}},"runAfter":{},"type":"Scope"},"Log_Error_creating_Field":{"runAfter":{"Scope_Create_Field":["Failed","TimedOut"]},"type":"AppendToStringVariable","inputs":{"name":"Log","value":"Error creating List @{body('Parse_Field')?['Title']}"}}},"runAfter":{"Fields":["Succeeded"]},"type":"Foreach"},"Scope_Create_List":{"actions":{"List_Title":{"runAfter":{},"type":"Compose","inputs":"@items('Apply_to_each')?['Title']"},"Create_List":{"runAfter":{"List_Type":["Succeeded"]},"type":"OpenApiConnection","inputs":{"host":{"apiId":"/providers/Microsoft.PowerApps/apis/shared_sharepointonline","connectionName":"shared_sharepointonline","operationId":"HttpRequest"},"parameters":{"dataset":"@body('Parse_Infrastructure_Definition')?['WebURL']","parameters/method":"POST","parameters/uri":"_api/web/lists","parameters/headers":{"accept":"application/json;odata=verbose","content-type":"application/json;odata=verbose"},"parameters/body":"{\n  '__metadata': {\n    'type': 'SP.List'\n  },\n  'AllowContentTypes': true,\n  'BaseTemplate': '@{outputs('List_Type')}',\n 'ContentTypesEnabled': true,\n 'Description': 'My list description',\n 'Title': '@{outputs('List_Title')}'\n}"},"authentication":{"value":"@json(decodeBase64(triggerOutputs().headers['X-MS-APIM-Tokens']))['$ConnectionKey']","type":"Raw"}},"runtimeConfiguration":{"staticResult":{"staticResultOptions":"Disabled","name":"Send_an_HTTP_request_to_SharePoint0"}}},"List_Type":{"runAfter":{"List_Title":["Succeeded"]},"type":"Compose","inputs":"@items('Apply_to_each')?['Type']"}},"runAfter":{},"type":"Scope"},"Log_Error_creating_List":{"runAfter":{"Scope_Create_List":["Failed","TimedOut"]},"type":"AppendToStringVariable","inputs":{"name":"Log","value":"Error creating List @{outputs('List_Title')}: "}}},"runAfter":{"Lists":["Succeeded"]},"type":"Foreach"}},"runAfter":{"Initialize_variable":["Succeeded"]},"type":"Scope"},"Initialize_variable":{"runAfter":{},"type":"InitializeVariable","inputs":{"variables":[{"name":"Log","type":"string"}]}}}},"connectionReferences":{"shared_sharepointonline":{"connectionName":"shared-sharepointonl-90cf422a-23ac-4809-b446-4015-552e1bbc","source":"Invoker","id":"/providers/Microsoft.PowerApps/apis/shared_sharepointonline","tier":"NotSpecified"}},"flowFailureAlertSubscribed":false}}