{
  "properties": {
    "connectionReferences": {
      "shared_sharepointonline_1": {
        "runtimeSource": "embedded",
        "connection": {
          "connectionReferenceLogicalName": "lf_SharePoint"
        },
        "api": {
          "name": "shared_sharepointonline"
        }
      }
    },
    "definition": {
      "$schema": "https://schema.management.azure.com/providers/Microsoft.Logic/schemas/2016-06-01/workflowdefinition.json#",
      "contentVersion": "1.0.0.0",
      "parameters": {
        "$connections": {
          "defaultValue": {},
          "type": "Object"
        },
        "$authentication": {
          "defaultValue": {},
          "type": "SecureObject"
        }
      },
      "staticResults": {
        "Send_an_HTTP_request_to_SharePoint0": {
          "status": "Succeeded",
          "outputs": {
            "statusCode": "OK",
            "headers": {}
          }
        },
        "Create_View0": {
          "status": "Succeeded",
          "outputs": {
            "statusCode": "OK",
            "headers": {}
          }
        }
      },
      "triggers": {
        "manual": {
          "metadata": {
            "operationMetadataId": "234c420e-6b58-4e94-b46e-61455060bf1a"
          },
          "type": "Request",
          "kind": "PowerAppV2",
          "inputs": {
            "schema": {
              "type": "object",
              "properties": {
                "text": {
                  "title": "SharePoint Site",
                  "type": "string",
                  "x-ms-dynamically-added": true,
                  "description": "SharePoint Site",
                  "x-ms-content-hint": "TEXT"
                },
                "text_1": {
                  "title": "Listendefinition",
                  "type": "string",
                  "x-ms-dynamically-added": true,
                  "description": "Listendefinition",
                  "x-ms-content-hint": "TEXT"
                }
              },
              "required": [
                "text",
                "text_1"
              ]
            }
          }
        }
      },
      "actions": {
        "Scope": {
          "actions": {
            "Parse_Infrastructure_Definition": {
              "runAfter": {},
              "metadata": {
                "operationMetadataId": "64b170de-a414-4019-a183-96bb50eee350"
              },
              "type": "ParseJson",
              "inputs": {
                "content": {
                  "WebURL": "@{triggerBody()['text']}",
                  "Lists": "@json(triggerBody()['text_1'])"
                },
                "schema": {
                  "type": "object",
                  "properties": {
                    "WebURL": {
                      "type": "string"
                    },
                    "Lists": {
                      "type": "array",
                      "items": {
                        "type": "object",
                        "properties": {
                          "name": {
                            "type": "string"
                          },
                          "template": {
                            "type": "string"
                          },
                          "columns": {
                            "type": "array",
                            "items": {
                              "type": "object",
                              "properties": {
                                "name": {
                                  "type": "string"
                                },
                                "type": {
                                  "type": "integer"
                                }
                              },
                              "required": [
                                "name",
                                "type"
                              ]
                            }
                          },
                          "views": {
                            "type": "array",
                            "items": {
                              "type": "object",
                              "properties": {
                                "type": {
                                  "type": "string"
                                },
                                "name": {
                                  "type": "string"
                                },
                                "default": {
                                  "type": "string"
                                },
                                "personal": {
                                  "type": "string"
                                },
                                "query": {
                                  "type": "string"
                                }
                              },
                              "required": [
                                "type",
                                "name",
                                "default",
                                "personal",
                                "query"
                              ]
                            }
                          }
                        },
                        "required": [
                          "name",
                          "template",
                          "columns"
                        ]
                      }
                    }
                  }
                }
              }
            },
            "Lists": {
              "runAfter": {
                "Parse_Infrastructure_Definition": [
                  "Succeeded"
                ]
              },
              "metadata": {
                "operationMetadataId": "7b043d35-5957-4cb7-9a5c-386f59705026"
              },
              "type": "Compose",
              "inputs": "@body('Parse_Infrastructure_Definition')?['Lists']"
            },
            "Apply_to_each": {
              "foreach": "@outputs('Lists')",
              "actions": {
                "Scope_Create_List": {
                  "actions": {
                    "List_Title": {
                      "runAfter": {},
                      "metadata": {
                        "operationMetadataId": "bf3e1e21-ba77-436d-9c7c-c74c551611c8"
                      },
                      "type": "Compose",
                      "inputs": "@items('Apply_to_each')?['name']"
                    },
                    "List_Type": {
                      "runAfter": {
                        "List_Title": [
                          "Succeeded"
                        ]
                      },
                      "metadata": {
                        "operationMetadataId": "09be4ea7-1ada-4c1c-b68a-62efd38020af"
                      },
                      "type": "Compose",
                      "inputs": "@items('Apply_to_each')['template']"
                    },
                    "Check_List": {
                      "runAfter": {
                        "List_Type": [
                          "Succeeded"
                        ]
                      },
                      "metadata": {
                        "operationMetadataId": "9a18d7fb-603b-4d49-9c9c-67dfd67579de"
                      },
                      "type": "OpenApiConnection",
                      "inputs": {
                        "host": {
                          "connectionName": "shared_sharepointonline_1",
                          "operationId": "HttpRequest",
                          "apiId": "/providers/Microsoft.PowerApps/apis/shared_sharepointonline"
                        },
                        "parameters": {
                          "dataset": "@body('Parse_Infrastructure_Definition')?['WebURL']",
                          "parameters/method": "GET",
                          "parameters/uri": "_api/web/lists?$select=Title&$filter=Title eq '@{outputs('List_Title')}'",
                          "parameters/headers": {
                            "accept": "application/json;odata=verbose",
                            "content-type": "application/json;odata=verbose"
                          }
                        },
                        "authentication": "@parameters('$authentication')"
                      },
                      "runtimeConfiguration": {
                        "staticResult": {
                          "staticResultOptions": "Disabled",
                          "name": "Send_an_HTTP_request_to_SharePoint0"
                        }
                      }
                    },
                    "Bedingung_2": {
                      "actions": {
                        "Create_List": {
                          "runAfter": {},
                          "metadata": {
                            "operationMetadataId": "9a18d7fb-603b-4d49-9c9c-67dfd67579de"
                          },
                          "type": "OpenApiConnection",
                          "inputs": {
                            "host": {
                              "connectionName": "shared_sharepointonline_1",
                              "operationId": "HttpRequest",
                              "apiId": "/providers/Microsoft.PowerApps/apis/shared_sharepointonline"
                            },
                            "parameters": {
                              "dataset": "@body('Parse_Infrastructure_Definition')?['WebURL']",
                              "parameters/method": "POST",
                              "parameters/uri": "_api/web/lists",
                              "parameters/headers": {
                                "accept": "application/json;odata=verbose",
                                "content-type": "application/json;odata=verbose"
                              },
                              "parameters/body": "{\n  '__metadata': {\n    'type': 'SP.List'\n  },\n  'AllowContentTypes': true,\n  'BaseTemplate': '@{outputs('List_Type')}',\n 'ContentTypesEnabled': true,\n 'Description': 'My list description',\n 'Title': '@{outputs('List_Title')}'\n}"
                            },
                            "authentication": "@parameters('$authentication')"
                          },
                          "runtimeConfiguration": {
                            "staticResult": {
                              "staticResultOptions": "Disabled",
                              "name": "Send_an_HTTP_request_to_SharePoint0"
                            }
                          }
                        },
                        "Parse_JSON": {
                          "runAfter": {
                            "Create_List": [
                              "Succeeded"
                            ]
                          },
                          "metadata": {
                            "operationMetadataId": "4c7cfc0a-c641-4955-8aab-8f13c0555013"
                          },
                          "type": "ParseJson",
                          "inputs": {
                            "content": "@outputs('Create_List')?['body']",
                            "schema": {
                              "type": "object",
                              "properties": {
                                "d": {
                                  "type": "object",
                                  "properties": {
                                    "__metadata": {
                                      "type": "object",
                                      "properties": {
                                        "id": {
                                          "type": "string"
                                        },
                                        "uri": {
                                          "type": "string"
                                        },
                                        "etag": {
                                          "type": "string"
                                        },
                                        "type": {
                                          "type": "string"
                                        }
                                      }
                                    },
                                    "FirstUniqueAncestorSecurableObject": {
                                      "type": "object",
                                      "properties": {
                                        "__deferred": {
                                          "type": "object",
                                          "properties": {
                                            "uri": {
                                              "type": "string"
                                            }
                                          }
                                        }
                                      }
                                    },
                                    "RoleAssignments": {
                                      "type": "object",
                                      "properties": {
                                        "__deferred": {
                                          "type": "object",
                                          "properties": {
                                            "uri": {
                                              "type": "string"
                                            }
                                          }
                                        }
                                      }
                                    },
                                    "Author": {
                                      "type": "object",
                                      "properties": {
                                        "__deferred": {
                                          "type": "object",
                                          "properties": {
                                            "uri": {
                                              "type": "string"
                                            }
                                          }
                                        }
                                      }
                                    },
                                    "ContentTypes": {
                                      "type": "object",
                                      "properties": {
                                        "__deferred": {
                                          "type": "object",
                                          "properties": {
                                            "uri": {
                                              "type": "string"
                                            }
                                          }
                                        }
                                      }
                                    },
                                    "CreatablesInfo": {
                                      "type": "object",
                                      "properties": {
                                        "__deferred": {
                                          "type": "object",
                                          "properties": {
                                            "uri": {
                                              "type": "string"
                                            }
                                          }
                                        }
                                      }
                                    },
                                    "DefaultView": {
                                      "type": "object",
                                      "properties": {
                                        "__deferred": {
                                          "type": "object",
                                          "properties": {
                                            "uri": {
                                              "type": "string"
                                            }
                                          }
                                        }
                                      }
                                    },
                                    "DescriptionResource": {
                                      "type": "object",
                                      "properties": {
                                        "__deferred": {
                                          "type": "object",
                                          "properties": {
                                            "uri": {
                                              "type": "string"
                                            }
                                          }
                                        }
                                      }
                                    },
                                    "EventReceivers": {
                                      "type": "object",
                                      "properties": {
                                        "__deferred": {
                                          "type": "object",
                                          "properties": {
                                            "uri": {
                                              "type": "string"
                                            }
                                          }
                                        }
                                      }
                                    },
                                    "Fields": {
                                      "type": "object",
                                      "properties": {
                                        "__deferred": {
                                          "type": "object",
                                          "properties": {
                                            "uri": {
                                              "type": "string"
                                            }
                                          }
                                        }
                                      }
                                    },
                                    "Forms": {
                                      "type": "object",
                                      "properties": {
                                        "__deferred": {
                                          "type": "object",
                                          "properties": {
                                            "uri": {
                                              "type": "string"
                                            }
                                          }
                                        }
                                      }
                                    },
                                    "InformationRightsManagementSettings": {
                                      "type": "object",
                                      "properties": {
                                        "__deferred": {
                                          "type": "object",
                                          "properties": {
                                            "uri": {
                                              "type": "string"
                                            }
                                          }
                                        }
                                      }
                                    },
                                    "Items": {
                                      "type": "object",
                                      "properties": {
                                        "__deferred": {
                                          "type": "object",
                                          "properties": {
                                            "uri": {
                                              "type": "string"
                                            }
                                          }
                                        }
                                      }
                                    },
                                    "ParentWeb": {
                                      "type": "object",
                                      "properties": {
                                        "__deferred": {
                                          "type": "object",
                                          "properties": {
                                            "uri": {
                                              "type": "string"
                                            }
                                          }
                                        }
                                      }
                                    },
                                    "RootFolder": {
                                      "type": "object",
                                      "properties": {
                                        "__deferred": {
                                          "type": "object",
                                          "properties": {
                                            "uri": {
                                              "type": "string"
                                            }
                                          }
                                        }
                                      }
                                    },
                                    "Subscriptions": {
                                      "type": "object",
                                      "properties": {
                                        "__deferred": {
                                          "type": "object",
                                          "properties": {
                                            "uri": {
                                              "type": "string"
                                            }
                                          }
                                        }
                                      }
                                    },
                                    "TitleResource": {
                                      "type": "object",
                                      "properties": {
                                        "__deferred": {
                                          "type": "object",
                                          "properties": {
                                            "uri": {
                                              "type": "string"
                                            }
                                          }
                                        }
                                      }
                                    },
                                    "UserCustomActions": {
                                      "type": "object",
                                      "properties": {
                                        "__deferred": {
                                          "type": "object",
                                          "properties": {
                                            "uri": {
                                              "type": "string"
                                            }
                                          }
                                        }
                                      }
                                    },
                                    "Views": {
                                      "type": "object",
                                      "properties": {
                                        "__deferred": {
                                          "type": "object",
                                          "properties": {
                                            "uri": {
                                              "type": "string"
                                            }
                                          }
                                        }
                                      }
                                    },
                                    "WorkflowAssociations": {
                                      "type": "object",
                                      "properties": {
                                        "__deferred": {
                                          "type": "object",
                                          "properties": {
                                            "uri": {
                                              "type": "string"
                                            }
                                          }
                                        }
                                      }
                                    },
                                    "AllowContentTypes": {
                                      "type": "boolean"
                                    },
                                    "BaseTemplate": {
                                      "type": "integer"
                                    },
                                    "BaseType": {
                                      "type": "integer"
                                    },
                                    "ContentTypesEnabled": {
                                      "type": "boolean"
                                    },
                                    "CrawlNonDefaultViews": {
                                      "type": "boolean"
                                    },
                                    "Created": {
                                      "type": "string"
                                    },
                                    "CurrentChangeToken": {
                                      "type": "object",
                                      "properties": {
                                        "__metadata": {
                                          "type": "object",
                                          "properties": {
                                            "type": {
                                              "type": "string"
                                            }
                                          }
                                        },
                                        "StringValue": {
                                          "type": "string"
                                        }
                                      }
                                    },
                                    "DefaultContentApprovalWorkflowId": {
                                      "type": "string"
                                    },
                                    "DefaultItemOpenUseListSetting": {
                                      "type": "boolean"
                                    },
                                    "Description": {
                                      "type": "string"
                                    },
                                    "Direction": {
                                      "type": "string"
                                    },
                                    "DisableCommenting": {
                                      "type": "boolean"
                                    },
                                    "DisableGridEditing": {
                                      "type": "boolean"
                                    },
                                    "DocumentTemplateUrl": {},
                                    "DraftVersionVisibility": {
                                      "type": "integer"
                                    },
                                    "EnableAttachments": {
                                      "type": "boolean"
                                    },
                                    "EnableFolderCreation": {
                                      "type": "boolean"
                                    },
                                    "EnableMinorVersions": {
                                      "type": "boolean"
                                    },
                                    "EnableModeration": {
                                      "type": "boolean"
                                    },
                                    "EnableRequestSignOff": {
                                      "type": "boolean"
                                    },
                                    "EnableVersioning": {
                                      "type": "boolean"
                                    },
                                    "EntityTypeName": {
                                      "type": "string"
                                    },
                                    "ExemptFromBlockDownloadOfNonViewableFiles": {
                                      "type": "boolean"
                                    },
                                    "FileSavePostProcessingEnabled": {
                                      "type": "boolean"
                                    },
                                    "ForceCheckout": {
                                      "type": "boolean"
                                    },
                                    "HasExternalDataSource": {
                                      "type": "boolean"
                                    },
                                    "Hidden": {
                                      "type": "boolean"
                                    },
                                    "Id": {
                                      "type": "string"
                                    },
                                    "ImagePath": {
                                      "type": "object",
                                      "properties": {
                                        "__metadata": {
                                          "type": "object",
                                          "properties": {
                                            "type": {
                                              "type": "string"
                                            }
                                          }
                                        },
                                        "DecodedUrl": {
                                          "type": "string"
                                        }
                                      }
                                    },
                                    "ImageUrl": {
                                      "type": "string"
                                    },
                                    "IrmEnabled": {
                                      "type": "boolean"
                                    },
                                    "IrmExpire": {
                                      "type": "boolean"
                                    },
                                    "IrmReject": {
                                      "type": "boolean"
                                    },
                                    "IsApplicationList": {
                                      "type": "boolean"
                                    },
                                    "IsCatalog": {
                                      "type": "boolean"
                                    },
                                    "IsPrivate": {
                                      "type": "boolean"
                                    },
                                    "ItemCount": {
                                      "type": "integer"
                                    },
                                    "LastItemDeletedDate": {
                                      "type": "string"
                                    },
                                    "LastItemModifiedDate": {
                                      "type": "string"
                                    },
                                    "LastItemUserModifiedDate": {
                                      "type": "string"
                                    },
                                    "ListExperienceOptions": {
                                      "type": "integer"
                                    },
                                    "ListItemEntityTypeFullName": {
                                      "type": "string"
                                    },
                                    "MajorVersionLimit": {
                                      "type": "integer"
                                    },
                                    "MajorWithMinorVersionsLimit": {
                                      "type": "integer"
                                    },
                                    "MultipleDataList": {
                                      "type": "boolean"
                                    },
                                    "NoCrawl": {
                                      "type": "boolean"
                                    },
                                    "ParentWebPath": {
                                      "type": "object",
                                      "properties": {
                                        "__metadata": {
                                          "type": "object",
                                          "properties": {
                                            "type": {
                                              "type": "string"
                                            }
                                          }
                                        },
                                        "DecodedUrl": {
                                          "type": "string"
                                        }
                                      }
                                    },
                                    "ParentWebUrl": {
                                      "type": "string"
                                    },
                                    "ParserDisabled": {
                                      "type": "boolean"
                                    },
                                    "ServerTemplateCanCreateFolders": {
                                      "type": "boolean"
                                    },
                                    "TemplateFeatureId": {
                                      "type": "string"
                                    },
                                    "Title": {
                                      "type": "string"
                                    }
                                  }
                                }
                              }
                            }
                          }
                        },
                        "ListURL": {
                          "runAfter": {
                            "Parse_JSON": [
                              "Succeeded"
                            ]
                          },
                          "metadata": {
                            "operationMetadataId": "78ae19ab-ed82-4708-b449-4f2b7e35526f"
                          },
                          "type": "Compose",
                          "inputs": "@split(body('Parse_JSON')?['d']?['__metadata']?['id'],'_api')[1]"
                        },
                        "Fields": {
                          "runAfter": {
                            "ListURL": [
                              "Succeeded"
                            ]
                          },
                          "metadata": {
                            "operationMetadataId": "0ce3e4c7-4de3-4a80-958b-b942615d20bb"
                          },
                          "type": "Compose",
                          "inputs": "@items('Apply_to_each')['columns']"
                        },
                        "Scope_Create_Fields": {
                          "actions": {
                            "Apply_to_each_2": {
                              "foreach": "@outputs('Fields')",
                              "actions": {
                                "Scope_Create_Field": {
                                  "actions": {
                                    "Switch_on_FieldType": {
                                      "runAfter": {
                                        "Parse_Field": [
                                          "Succeeded"
                                        ]
                                      },
                                      "cases": {
                                        "Multiline_Text": {
                                          "case": 3,
                                          "actions": {
                                            "Create_Multiline_Text_Field": {
                                              "runAfter": {},
                                              "metadata": {
                                                "operationMetadataId": "71f60d6d-a768-4d40-adcb-e9d302540abc"
                                              },
                                              "type": "OpenApiConnection",
                                              "inputs": {
                                                "host": {
                                                  "connectionName": "shared_sharepointonline_1",
                                                  "operationId": "HttpRequest",
                                                  "apiId": "/providers/Microsoft.PowerApps/apis/shared_sharepointonline"
                                                },
                                                "parameters": {
                                                  "dataset": "@body('Parse_Infrastructure_Definition')?['WebURL']",
                                                  "parameters/method": "POST",
                                                  "parameters/uri": "_api/@{outputs('ListURL')}/fields",
                                                  "parameters/headers": {
                                                    "content-type": "application/json;odata=verbose"
                                                  },
                                                  "parameters/body": "{'__metadata':{'type':'SP.Field'},'Title':'@{body('Parse_Field')?['name']}','FieldTypeKind':3}"
                                                },
                                                "authentication": "@parameters('$authentication')"
                                              }
                                            }
                                          }
                                        },
                                        "Number": {
                                          "case": 9,
                                          "actions": {
                                            "Create_Number_Field": {
                                              "runAfter": {},
                                              "metadata": {
                                                "operationMetadataId": "3435dfb6-ded4-4e9f-a894-f2ab404c742a"
                                              },
                                              "type": "OpenApiConnection",
                                              "inputs": {
                                                "host": {
                                                  "connectionName": "shared_sharepointonline_1",
                                                  "operationId": "HttpRequest",
                                                  "apiId": "/providers/Microsoft.PowerApps/apis/shared_sharepointonline"
                                                },
                                                "parameters": {
                                                  "dataset": "@body('Parse_Infrastructure_Definition')?['WebURL']",
                                                  "parameters/method": "POST",
                                                  "parameters/uri": "_api/@{outputs('ListURL')}/fields",
                                                  "parameters/headers": {
                                                    "content-type": "application/json;odata=verbose",
                                                    "accept": "application/json;odata=verbose"
                                                  },
                                                  "parameters/body": "{'__metadata':{'type':'SP.Field'},'Title':'@{body('Parse_Field')?['name']}','FieldTypeKind':9}"
                                                },
                                                "authentication": "@parameters('$authentication')"
                                              }
                                            }
                                          }
                                        },
                                        "Boolean": {
                                          "case": 8,
                                          "actions": {
                                            "Create_Boolean_Field": {
                                              "runAfter": {},
                                              "metadata": {
                                                "operationMetadataId": "00b4eaff-7d49-4322-ac8a-b86a1bd27812"
                                              },
                                              "type": "OpenApiConnection",
                                              "inputs": {
                                                "host": {
                                                  "connectionName": "shared_sharepointonline_1",
                                                  "operationId": "HttpRequest",
                                                  "apiId": "/providers/Microsoft.PowerApps/apis/shared_sharepointonline"
                                                },
                                                "parameters": {
                                                  "dataset": "@body('Parse_Infrastructure_Definition')?['WebURL']",
                                                  "parameters/method": "POST",
                                                  "parameters/uri": "_api/@{outputs('ListURL')}/fields",
                                                  "parameters/headers": {
                                                    "content-type": "application/json;odata=verbose"
                                                  },
                                                  "parameters/body": "{'__metadata':{'type':'SP.Field'},'Title':'@{body('Parse_Field')?['name']}','FieldTypeKind':8}"
                                                },
                                                "authentication": "@parameters('$authentication')"
                                              }
                                            }
                                          }
                                        },
                                        "Integer": {
                                          "case": 1,
                                          "actions": {
                                            "Create_Integer_Field": {
                                              "runAfter": {},
                                              "metadata": {
                                                "operationMetadataId": "ae5930ae-d283-4bc9-ac78-ed8377263503"
                                              },
                                              "type": "OpenApiConnection",
                                              "inputs": {
                                                "host": {
                                                  "connectionName": "shared_sharepointonline_1",
                                                  "operationId": "HttpRequest",
                                                  "apiId": "/providers/Microsoft.PowerApps/apis/shared_sharepointonline"
                                                },
                                                "parameters": {
                                                  "dataset": "@body('Parse_Infrastructure_Definition')?['WebURL']",
                                                  "parameters/method": "POST",
                                                  "parameters/uri": "_api/@{outputs('ListURL')}/fields",
                                                  "parameters/headers": {
                                                    "content-type": "application/json;odata=verbose"
                                                  },
                                                  "parameters/body": "{'__metadata':{'type':'SP.Field'},'Title':'@{body('Parse_Field')?['name']}','FieldTypeKind':1}"
                                                },
                                                "authentication": "@parameters('$authentication')"
                                              }
                                            }
                                          }
                                        },
                                        "Text": {
                                          "case": 2,
                                          "actions": {
                                            "Create_Text_Field": {
                                              "runAfter": {},
                                              "metadata": {
                                                "operationMetadataId": "a652a65d-042b-4525-9a7b-218b72a2caa6"
                                              },
                                              "type": "OpenApiConnection",
                                              "inputs": {
                                                "host": {
                                                  "connectionName": "shared_sharepointonline_1",
                                                  "operationId": "HttpRequest",
                                                  "apiId": "/providers/Microsoft.PowerApps/apis/shared_sharepointonline"
                                                },
                                                "parameters": {
                                                  "dataset": "@body('Parse_Infrastructure_Definition')?['WebURL']",
                                                  "parameters/method": "POST",
                                                  "parameters/uri": "_api/@{outputs('ListURL')}/fields",
                                                  "parameters/headers": {
                                                    "content-type": "application/json;odata=verbose"
                                                  },
                                                  "parameters/body": "{'__metadata':{'type':'SP.Field'},'Title':'@{body('Parse_Field')?['name']}','FieldTypeKind':2}"
                                                },
                                                "authentication": "@parameters('$authentication')"
                                              }
                                            }
                                          }
                                        },
                                        "DateTime": {
                                          "case": 4,
                                          "actions": {
                                            "Send_an_HTTP_request_to_SharePoint": {
                                              "runAfter": {},
                                              "metadata": {
                                                "operationMetadataId": "b8ec0c0a-8c40-46ee-af92-908b8712c7a6"
                                              },
                                              "type": "OpenApiConnection",
                                              "inputs": {
                                                "host": {
                                                  "connectionName": "shared_sharepointonline_1",
                                                  "operationId": "HttpRequest",
                                                  "apiId": "/providers/Microsoft.PowerApps/apis/shared_sharepointonline"
                                                },
                                                "parameters": {
                                                  "dataset": "@body('Parse_Infrastructure_Definition')?['WebURL']",
                                                  "parameters/method": "POST",
                                                  "parameters/uri": "_api/@{outputs('ListURL')}/fields",
                                                  "parameters/headers": {
                                                    "content-type": "application/json;odata=verbose"
                                                  },
                                                  "parameters/body": "{'__metadata':{'type':'SP.FieldDateTime'},'Title':'@{body('Parse_Field')?['name']}','DisplayFormat':1,'FieldTypeKind':4}"
                                                },
                                                "authentication": "@parameters('$authentication')"
                                              }
                                            }
                                          }
                                        }
                                      },
                                      "default": {
                                        "actions": {}
                                      },
                                      "expression": "@body('Parse_Field')?['type']",
                                      "metadata": {
                                        "operationMetadataId": "def02455-b937-45d4-bb1d-6cf384d98f15"
                                      },
                                      "type": "Switch"
                                    },
                                    "Parse_Field": {
                                      "runAfter": {},
                                      "metadata": {
                                        "operationMetadataId": "11571dcc-c690-4e26-8035-9b2d525eec4f"
                                      },
                                      "type": "ParseJson",
                                      "inputs": {
                                        "content": "@items('Apply_to_each_2')",
                                        "schema": {
                                          "type": "object",
                                          "properties": {
                                            "name": {
                                              "type": "string"
                                            },
                                            "type": {
                                              "type": "integer"
                                            }
                                          }
                                        }
                                      }
                                    }
                                  },
                                  "runAfter": {},
                                  "metadata": {
                                    "operationMetadataId": "d7e56f8a-fbc8-4f61-a550-bd2ca503bc91"
                                  },
                                  "type": "Scope"
                                },
                                "Log_Error_creating_Field": {
                                  "runAfter": {
                                    "Scope_Create_Field": [
                                      "Failed",
                                      "TimedOut"
                                    ]
                                  },
                                  "metadata": {
                                    "operationMetadataId": "dcddc2c6-0e5c-4f8e-a535-f281dfcf2a8e"
                                  },
                                  "type": "AppendToStringVariable",
                                  "inputs": {
                                    "name": "Log",
                                    "value": "Error creating List @{body('Parse_Field')?['Title']}"
                                  }
                                }
                              },
                              "runAfter": {},
                              "metadata": {
                                "operationMetadataId": "40b697bf-0007-439b-b3e4-0c5c59323cab"
                              },
                              "type": "Foreach"
                            }
                          },
                          "runAfter": {
                            "Fields": [
                              "Succeeded"
                            ]
                          },
                          "metadata": {
                            "operationMetadataId": "05fb369a-7a76-4497-9110-0234db324b57"
                          },
                          "type": "Scope"
                        },
                        "Bedingung": {
                          "actions": {
                            "Views": {
                              "runAfter": {},
                              "metadata": {
                                "operationMetadataId": "80ea130d-55c4-4bf4-a624-231fac93789f"
                              },
                              "type": "Compose",
                              "inputs": "@items('Apply_to_each')['views']"
                            },
                            "Scope_Create_Views": {
                              "actions": {
                                "Apply_to_each_View": {
                                  "foreach": "@outputs('Views')",
                                  "actions": {
                                    "Scope_Create_View": {
                                      "actions": {
                                        "Parse_View": {
                                          "runAfter": {},
                                          "metadata": {
                                            "operationMetadataId": "dd199f89-76a8-4dbc-864a-d84b5b3e8404"
                                          },
                                          "type": "ParseJson",
                                          "inputs": {
                                            "content": "@items('Apply_to_each_View')",
                                            "schema": {
                                              "type": "object",
                                              "properties": {
                                                "type": {
                                                  "type": "string"
                                                },
                                                "name": {
                                                  "type": "string"
                                                },
                                                "default": {
                                                  "type": "string"
                                                },
                                                "personal": {
                                                  "type": "string"
                                                },
                                                "query": {
                                                  "type": "string"
                                                }
                                              },
                                              "required": [
                                                "type",
                                                "name",
                                                "default",
                                                "personal",
                                                "query"
                                              ]
                                            }
                                          }
                                        },
                                        "Create_View": {
                                          "runAfter": {
                                            "Parse_View": [
                                              "Succeeded"
                                            ]
                                          },
                                          "metadata": {
                                            "operationMetadataId": "28e5ffc8-b7ce-456f-841a-fcbae0341374"
                                          },
                                          "type": "OpenApiConnection",
                                          "inputs": {
                                            "host": {
                                              "connectionName": "shared_sharepointonline_1",
                                              "operationId": "HttpRequest",
                                              "apiId": "/providers/Microsoft.PowerApps/apis/shared_sharepointonline"
                                            },
                                            "parameters": {
                                              "dataset": "@body('Parse_Infrastructure_Definition')?['WebURL']",
                                              "parameters/method": "POST",
                                              "parameters/uri": "_api/web/lists/getByTitle('@{outputs('List_Title')}')/views",
                                              "parameters/headers": {
                                                "content-type": "application/json;odata=verbose",
                                                "accept": "application/json;odata=verbose"
                                              },
                                              "parameters/body": "{\"__metadata\": {\"type\": \"SP.View\"},\"ViewType\": \"HTML\",\"Title\": \"@{body('Parse_View')['name']}\",\"ViewQuery\":\"@{body('Parse_View')['query']}\",\"PersonalView\":@{toLower(body('Parse_View')['personal'])\r\n}}"
                                            },
                                            "authentication": "@parameters('$authentication')"
                                          },
                                          "runtimeConfiguration": {
                                            "staticResult": {
                                              "staticResultOptions": "Disabled",
                                              "name": "Create_View0"
                                            }
                                          }
                                        }
                                      },
                                      "runAfter": {},
                                      "metadata": {
                                        "operationMetadataId": "23b3aa69-6143-4889-850b-a02aebddde7c"
                                      },
                                      "type": "Scope"
                                    },
                                    "Log_Error_creating_Field_2": {
                                      "runAfter": {
                                        "Scope_Create_View": [
                                          "Failed",
                                          "TimedOut"
                                        ]
                                      },
                                      "metadata": {
                                        "operationMetadataId": "ab14c443-989e-4298-9cb6-85629f98bbe2"
                                      },
                                      "type": "AppendToStringVariable",
                                      "inputs": {
                                        "name": "Log",
                                        "value": "Error creating List @{body('Parse_View')?['Title']}"
                                      }
                                    }
                                  },
                                  "runAfter": {},
                                  "metadata": {
                                    "operationMetadataId": "23452c65-bcd5-4e88-86d3-8846376a517b"
                                  },
                                  "type": "Foreach"
                                }
                              },
                              "runAfter": {
                                "Views": [
                                  "Succeeded"
                                ]
                              },
                              "metadata": {
                                "operationMetadataId": "d45513ce-09ad-4e1f-8cdb-31687b6fd4a1"
                              },
                              "type": "Scope"
                            }
                          },
                          "runAfter": {
                            "Scope_Create_Fields": [
                              "Succeeded"
                            ]
                          },
                          "expression": {
                            "equals": [
                              1,
                              2
                            ]
                          },
                          "metadata": {
                            "operationMetadataId": "80b53e9e-7537-40e6-b280-424c20ac1886"
                          },
                          "type": "If"
                        }
                      },
                      "runAfter": {
                        "Check_List": [
                          "Succeeded"
                        ]
                      },
                      "else": {
                        "actions": {
                          "An_Zeichenfolgenvariable_anfügen": {
                            "runAfter": {},
                            "metadata": {
                              "operationMetadataId": "dc30f365-b760-4ff7-b685-1370a80ec0fe"
                            },
                            "type": "AppendToStringVariable",
                            "inputs": {
                              "name": "Log",
                              "value": "Die Liste ist schon vorhanden und kann nicht erneut angelegt werden!"
                            }
                          }
                        }
                      },
                      "expression": {
                        "equals": [
                          "@empty(outputs('Check_List')?['body']?['d']?['results'])",
                          "@true"
                        ]
                      },
                      "metadata": {
                        "operationMetadataId": "3cc8a9a7-b5a7-4449-9bbc-a6c2e5040b1a"
                      },
                      "type": "If"
                    }
                  },
                  "runAfter": {},
                  "metadata": {
                    "operationMetadataId": "7b85fa49-b053-4f86-8b88-4b478bc8803b"
                  },
                  "type": "Scope"
                }
              },
              "runAfter": {
                "Lists": [
                  "Succeeded"
                ]
              },
              "metadata": {
                "operationMetadataId": "3edaf55c-2bf9-4057-a2c9-f174471442c9"
              },
              "type": "Foreach"
            },
            "Variable_festlegen": {
              "runAfter": {
                "Apply_to_each": [
                  "Succeeded"
                ]
              },
              "metadata": {
                "operationMetadataId": "7478f43b-8ac0-4314-95a3-c78d8561f989"
              },
              "type": "SetVariable",
              "inputs": {
                "name": "Erfolg",
                "value": true
              }
            }
          },
          "runAfter": {
            "Variable_initialisieren": [
              "Succeeded"
            ]
          },
          "metadata": {
            "operationMetadataId": "9e516166-573e-45b2-8cdd-05ef52d481b6"
          },
          "type": "Scope"
        },
        "Initialize_variable": {
          "runAfter": {},
          "metadata": {
            "operationMetadataId": "6661fe22-b9f8-480f-9028-a2d1f6f4fbd2"
          },
          "type": "InitializeVariable",
          "inputs": {
            "variables": [
              {
                "name": "Log",
                "type": "string"
              }
            ]
          }
        },
        "Auf_eine_PowerApp_oder_einen_Flow_antworten": {
          "runAfter": {
            "Scope": [
              "Succeeded",
              "Failed",
              "TimedOut",
              "Skipped"
            ]
          },
          "metadata": {
            "operationMetadataId": "84e15b91-5877-4cd1-977e-1f63c34036b0"
          },
          "type": "Response",
          "kind": "PowerApp",
          "inputs": {
            "statusCode": 200,
            "body": {
              "ergebnis": "@variables('Log')",
              "erfolg": "@{variables('Erfolg')}"
            },
            "schema": {
              "type": "object",
              "properties": {
                "ergebnis": {
                  "title": "Ergebnis",
                  "x-ms-dynamically-added": true,
                  "type": "string"
                },
                "erfolg": {
                  "title": "Erfolg",
                  "x-ms-dynamically-added": true,
                  "type": "string"
                }
              }
            }
          }
        },
        "Variable_initialisieren": {
          "runAfter": {
            "Initialize_variable": [
              "Succeeded"
            ]
          },
          "metadata": {
            "operationMetadataId": "2e60683a-6205-4e4d-ac49-90a60bed7168"
          },
          "type": "InitializeVariable",
          "inputs": {
            "variables": [
              {
                "name": "Erfolg",
                "type": "boolean",
                "value": false
              }
            ]
          }
        }
      }
    },
    "templateName": ""
  },
  "schemaVersion": "1.0.0.0"
}