<ImportExportXml xmlns:xsi="http://www.w3.org/2001/XMLSchema-instance">
  <Entities></Entities>
  <Roles></Roles>
  <Workflows></Workflows>
  <FieldSecurityProfiles></FieldSecurityProfiles>
  <Templates />
  <EntityMaps />
  <EntityRelationships />
  <OrganizationSettings />
  <optionsets />
  <CustomControls />
  <EntityDataProviders />
  <CanvasApps>
    <CanvasApp>
      <Name>new_einekleinelernapp_2fd29</Name>
      <AppVersion>2023-10-03T08:19:19Z</AppVersion>
      <Status>Ready</Status>
      <CreatedByClientVersion>3.23093.15.0</CreatedByClientVersion>
      <MinClientVersion>3.23093.15.0</MinClientVersion>
      <Tags>{"primaryDeviceWidth":"300","primaryDeviceHeight":"80","sienaVersion":"20231003T080152Z-3.23093.15.0","deviceCapabilities":"","supportsPortrait":"false","supportsLandscape":"true","primaryFormFactor":"Tablet","publisherVersion":"3.23093.15","minimumRequiredApiVersion":"2.2.0","hasComponent":"true","hasUnlockedComponent":"true","isUnifiedRootApp":"false","showStatusBar":"false"}</Tags>
      <IsCdsUpgraded>0</IsCdsUpgraded>
      <GalleryItemId xsi:nil="true"></GalleryItemId>
      <BackgroundColor>rgba(0, 176, 240, 1)</BackgroundColor>
      <DisplayName>Eine kleine Lern-App</DisplayName>
      <Description></Description>
      <CommitMessage></CommitMessage>
      <Publisher></Publisher>
      <AuthorizationReferences>[]</AuthorizationReferences>
      <ConnectionReferences>{"fdd6c00d-9602-4444-ab85-d05957e8d717":{"id":"/providers/microsoft.powerapps/apis/shared_office365","displayName":"Office 365 Outlook","iconUri":"https://connectoricons-prod.azureedge.net/u/henryorsborn/partial-builds/asev3migrations-with-resourceTemplate/1.0.1653.3414/office365/icon.png","dataSources":["Office365"],"dependencies":[],"dependents":[],"parameterHints":{},"parameterHintsV2":{},"isOnPremiseConnection":false,"bypassConsent":false,"dataSets":{},"apiTier":"Standard"},"07ec57fe-c398-438b-be1b-f891af5dd183":{"id":"/providers/microsoft.powerapps/apis/shared_sharepointonline","displayName":"SharePoint","iconUri":"https://connectoricons-prod.azureedge.net/u/henryorsborn/partial-builds/asev3migrations-with-resourceTemplate/1.0.1653.3414/sharepointonline/icon.png","dataSources":["LernApp SharePoint Vokabel-Liste"],"dependencies":[],"dependents":[],"parameterHints":{},"parameterHintsV2":{},"isOnPremiseConnection":false,"bypassConsent":false,"dataSets":{"https://poweratelier.sharepoint.com/sites/Rheinwerk_cf_LernAppSharePointSite":{"datasetOverride":{"name":"https://poweratelier.sharepoint.com/sites/Rheinwerk","environmentVariableName":"cf_LernAppSharePointSite"},"dataSources":{"LernApp SharePoint Vokabel-Liste":{"tableName":"100861e2-f747-46e0-a507-d67042a464ce","tableNameOverride":{"environmentVariableName":"cf_LernAppSharePointVokabelListe"}}}}},"apiTier":"Standard","actions":["providers/PowerPlatform.Governance/Operations/Read","providers/PowerPlatform.Governance/Operations/Write"]}}</ConnectionReferences>
      <DatabaseReferences>{}</DatabaseReferences>
      <CanConsumeAppPass>1</CanConsumeAppPass>
      <CanvasAppType>0</CanvasAppType>
      <BypassConsent>0</BypassConsent>
      <EmbeddedApp xsi:nil="true"></EmbeddedApp>
      <IntroducedVersion>1.0</IntroducedVersion>
      <CdsDependencies>{"cdsdependencies":[{"componenttype":380,"logicalname":"cf_LernAppSharePointSite","componenttypeplatformname":"EnvironmentVariableDefinition"},{"componenttype":380,"logicalname":"cf_LernAppSharePointVokabelListe","componenttypeplatformname":"EnvironmentVariableDefinition"}]}</CdsDependencies>
      <IsCustomizable>1</IsCustomizable>
      <BackgroundImageUri>/CanvasApps/new_einekleinelernapp_2fd29_BackgroundImageUri</BackgroundImageUri>
      <DocumentUri>/CanvasApps/new_einekleinelernapp_2fd29_DocumentUri.msapp</DocumentUri>
    </CanvasApp>
    <CanvasApp>
      <Name>cf_zeitruber_c9681</Name>
      <AppVersion>2023-10-03T08:19:18Z</AppVersion>
      <Status>NotReady</Status>
      <CreatedByClientVersion>3.23093.15.0</CreatedByClientVersion>
      <MinClientVersion>3.23093.15.0</MinClientVersion>
      <Tags>{"primaryDeviceWidth":"640","primaryDeviceHeight":"1136","supportsPortrait":"true","supportsLandscape":"true","primaryFormFactor":"Phone","showStatusBar":"false","publisherVersion":"3.23093.15","minimumRequiredApiVersion":"2.2.0","hasComponent":"false","hasUnlockedComponent":"false","isUnifiedRootApp":"false"}</Tags>
      <IsCdsUpgraded>0</IsCdsUpgraded>
      <GalleryItemId xsi:nil="true"></GalleryItemId>
      <BackgroundColor>RGBA(0,176,240,1)</BackgroundColor>
      <DisplayName>Zeiträuber</DisplayName>
      <Description></Description>
      <CommitMessage></CommitMessage>
      <Publisher></Publisher>
      <AuthorizationReferences>[]</AuthorizationReferences>
      <ConnectionReferences>{"23ba4b39-da1e-4faf-9383-3e8eaa752831":{"id":"/providers/microsoft.powerapps/apis/shared_office365users","displayName":"Office 365-Benutzer","iconUri":"https://connectoricons-prod.azureedge.net/u/henryorsborn/partial-builds/asev3migrations-with-resourceTemplate/1.0.1653.3414/office365users/icon.png","dataSources":["Office365-Benutzer"],"dependencies":[],"dependents":[],"parameterHints":{},"parameterHintsV2":{},"isOnPremiseConnection":false,"bypassConsent":false,"dataSets":{},"apiTier":"Standard","actions":["MyProfile_V2"]},"b7090b48-3e49-408f-b5bc-499e923d9889":{"id":"/providers/microsoft.powerapps/apis/shared_sharepointonline","displayName":"SharePoint","iconUri":"https://connectoricons-prod.azureedge.net/u/henryorsborn/partial-builds/asev3migrations-with-resourceTemplate/1.0.1653.3414/sharepointonline/icon.png","dataSources":["Zeitraeuber SharePoint-Liste Kategorien","Zeitraeuber SharePoint-Liste Verlauf"],"dependencies":[],"dependents":[],"parameterHints":{},"parameterHintsV2":{},"isOnPremiseConnection":false,"bypassConsent":false,"dataSets":{"https://poweratelier.sharepoint.com/sites/Rheinwerk_cf_ZeitraeuberSharePointSite":{"datasetOverride":{"environmentVariableName":"cf_ZeitraeuberSharePointSite"},"dataSources":{"Zeitraeuber SharePoint-Liste Kategorien":{"tableName":"5541d903-9722-4535-8d97-454d03e96cae","tableNameOverride":{"environmentVariableName":"cf_ZeitraeuberSharePointListeKategorien"}},"Zeitraeuber SharePoint-Liste Verlauf":{"tableName":"35924713-ad29-45b0-98bf-ca87b34d0624","tableNameOverride":{"environmentVariableName":"cf_ZeitraeuberSharePointListeVerlauf"}}}}},"apiTier":"Standard","actions":["providers/PowerPlatform.Governance/Operations/Read","providers/PowerPlatform.Governance/Operations/Write","providers/PowerPlatform.Governance/Operations/Delete"]}}</ConnectionReferences>
      <DatabaseReferences>{}</DatabaseReferences>
      <CanConsumeAppPass>1</CanConsumeAppPass>
      <CanvasAppType>0</CanvasAppType>
      <BypassConsent>0</BypassConsent>
      <EmbeddedApp xsi:nil="true"></EmbeddedApp>
      <IntroducedVersion>1.0</IntroducedVersion>
      <CdsDependencies>{"cdsdependencies":[{"componenttype":380,"logicalname":"cf_ZeitraeuberSharePointSite","componenttypeplatformname":"EnvironmentVariableDefinition"},{"componenttype":380,"logicalname":"cf_ZeitraeuberSharePointListeKategorien","componenttypeplatformname":"EnvironmentVariableDefinition"},{"componenttype":380,"logicalname":"cf_ZeitraeuberSharePointListeVerlauf","componenttypeplatformname":"EnvironmentVariableDefinition"}]}</CdsDependencies>
      <IsCustomizable>1</IsCustomizable>
      <BackgroundImageUri>/CanvasApps/cf_zeitruber_c9681_BackgroundImageUri</BackgroundImageUri>
      <DocumentUri>/CanvasApps/cf_zeitruber_c9681_DocumentUri.msapp</DocumentUri>
    </CanvasApp>
  </CanvasApps>
  <Languages>
    <Language>1031</Language>
  </Languages>
</ImportExportXml>