<environmentvariabledefinition schemaname="cf_ZeitraeuberSharePointListeKategorien">
  <apiid>/providers/microsoft.powerapps/apis/shared_sharepointonline</apiid>
  <displayname default="Zeitraeuber SharePoint-Liste Kategorien">
    <label description="Zeitraeuber SharePoint-Liste Kategorien" languagecode="1031" />
  </displayname>
  <introducedversion>1.0.0.0</introducedversion>
  <iscustomizable>1</iscustomizable>
  <isrequired>0</isrequired>
  <parameterkey>table</parameterkey>
  <parentdefinitionid>
    <schemaname>cf_ZeitraeuberSharePointSite</schemaname>
  </parentdefinitionid>
  <secretstore>0</secretstore>
  <type>100000004</type>
</environmentvariabledefinition>